{
  "mode": "naive",
  "workers": 2,
  "duration": 10,
  "latencies_us": [
    3356.393999638385,
    4239.150000103109,
    3412.5840002161567,
    3045.966000172484,
    3194.415000052686,
    2870.537000035256,
    2867.317000436742,
    3975.73200007173,
    2993.504999722063,
    3049.746999749914,
    3744.3119999807095,
    3105.585999946925,
    2856.906000033632,
    2779.8969999821566,
    2900.685999975394,
    3135.775999908219,
    3098.90499966059,
    3153.4750000901113,
    3661.9130000872246,
    2882.83700001557,
    3222.763999929157,
    3111.81500001112,
    3034.7749998327345,
    2775.7570001085696,
    2904.157000102714,
    3325.2940002057585,
    2907.067000251118,
    2852.7170002234925,
    2885.0369999418035,
    2961.0970000248926,
    3264.433999902394,
    3131.884999675094,
    3902.6629997351847,
    3041.0859999392414,
    3000.625999902695,
    3063.3559999841964,
    3009.035999639309,
    2905.0459997961298,
    2866.596000330901,
    2904.2769997431606,
    3059.9550000260933,
    4451.160999906278,
    5122.705999838217,
    3883.551999933843,
    4281.838999759202,
    4117.711000162672,
    3401.154000130191,
    3067.005000048084,
    3078.3060001340345,
    3118.4350000330596,
    2842.0270000424352,
    3333.8750004077156,
    3674.2620000040915,
    4277.311999885569,
    3647.033000106603,
    3305.424999780371,
    3173.3949999761535,
    3633.783000168478,
    3499.7929997189203,
    3445.653999733622,
    3491.0439999293885,
    3558.913999768265,
    3906.8320002115797,
    4449.118999673374,
    3382.7940001174284,
    3489.303000151267,
    4177.239999989979,
    3459.1839998938667,
    3668.623000066873,
    3392.5739999176585,
    3308.084999844141,
    3290.0249998419895,
    3706.2420001348073,
    3838.8709999708226,
    3357.8340003259655,
    3755.2630001300713,
    4107.171999748971,
    3889.0719997652923,
    3188.1750001048204,
    3478.3739997692464,
    3423.666000344383,
    4195.8500000873755,
    3532.792999976664,
    4128.699999910168,
    3466.754999863042,
    3452.3340000305325,
    3492.4740002679755,
    4217.770000195742,
    3698.753000207944,
    4531.569000391755,
    5097.975999888149,
    4672.607999964384,
    3737.903000001097,
    3483.634000076563,
    3570.484000192664,
    3441.9240000715945,
    3790.3730003563396,
    4594.600000018545,
    3310.1650001299276,
    3693.372999805433,
    4642.427999897336,
    3439.8050001982483,
    3604.9529999218066,
    3916.762000244489,
    3701.441999965027,
    3870.7710000380757,
    3481.2740000234044,
    3445.1440001248557,
    4116.829999929905,
    3427.883999847836,
    3201.4150001486996,
    3443.312999934278,
    3901.2710003589746,
    3725.5820002428663,
    4593.909000050189,
    3556.40299994775,
    3204.7350000539154,
    3337.3139999639534,
    4923.8070000683365,
    12481.434000164882,
    3580.832999887207,
    3216.6959999813116,
    3737.792000265472,
    3617.5929999444634,
    3508.034000333282,
    3629.862999787292,
    3223.66599993984,
    3401.294000013877,
    3475.5130000121426,
    4175.560000021505,
    3430.4240002711595,
    3358.1640000193147,
    5354.534999696625,
    3425.564000281156,
    10712.949999742705,
    5465.165999794408,
    5715.104000046267,
    4538.00900004353,
    3931.182000087574,
    4152.940000039962,
    4983.986999832268,
    3365.57399987214,
    3681.4820000472537,
    3657.224000107817,
    7555.585000318388,
    5689.663999874028,
    4764.197999975295,
    3758.2119998660346,
    14038.445000096544,
    12808.281000161514,
    7835.7730003517645,
    11202.229999980773,
    3764.882000268699,
    3595.9530000582163,
    3703.3519997748954,
    3678.4629996873264,
    3654.4729996421665,
    4829.49799970811,
    4092.7610002654546,
    3332.8339995932765,
    3357.543999754853,
    3673.303000141459,
    3387.3739998853125,
    3223.8270000561897,
    3383.875000054104,
    3253.6759999857168,
    3427.5339999112475,
    3440.5249998599174,
    4114.250999919022,
    3888.7219998287037,
    4471.088999707717,
    3959.232999932283,
    3667.612999834091,
    3974.8120002514042,
    3878.051999890886,
    4436.668999915128,
    3323.0950002689497,
    3697.132000070269,
    3332.87500006918,
    3244.165000069188,
    3515.1540000697423,
    5931.281999892235,
    3469.2939998421934,
    3480.544000012742,
    3295.576000255096,
    3507.2939999736263,
    3559.4529999798397,
    3797.7829997544177,
    4176.1709999263985,
    3387.543999906484,
    3926.6210001187574,
    3739.8930003291753,
    3322.7540002371825,
    3450.5839998928423,
    3487.1830002884963,
    4071.88299959671,
    5370.355000195559,
    4710.837999937212,
    4285.870999865438,
    3571.683999780362,
    3414.113999951951,
    5942.5209997243655,
    16365.254999982426,
    16755.73299962707,
    6864.737999876525,
    6688.079000014113,
    15408.389000185707,
    6351.401999836526,
    6318.331000329636,
    12363.493000066228,
    5196.075999720051,
    4732.418000003236,
    10809.039999912784,
    5140.205999850878,
    7001.2080000196875,
    6959.908000226278,
    5924.013999901945,
    5741.841999679309,
    4594.6469999762485,
    4360.719999567664,
    6382.360999850789,
    3712.133000135509,
    3356.176000124833,
    3567.6439997587295,
    3847.9329996334855,
    4018.911000002845,
    5653.0039996687265,
    3966.151999975409,
    3349.995000007766,
    3984.713000136253,
    3541.362999840203,
    3777.7130000904435,
    5107.106999730604,
    6919.078000009904,
    3341.764000197145,
    3925.561999949423,
    3197.494999767514,
    3399.9849997599085,
    4329.631000018708,
    6388.921000052505,
    4780.698000104167,
    5039.2960001772735,
    5990.512000153103,
    3311.8850001301325,
    4168.471000411955,
    6369.280999933835,
    9273.297999698116,
    3499.182999803452,
    3383.163999842509,
    3333.3639999000297,
    3376.945000127307,
    3590.1940000258037,
    3486.0840000874305,
    3539.17399979764,
    4334.160000325937,
    3333.0050000586198,
    3346.824999880482,
    3381.9640002548113,
    5449.715000395372,
    3925.8329998119734,
    3639.6729997250077,
    3608.124000038515,
    3449.615000135964,
    3678.5129996133037,
    4629.518000001553,
    3460.8240002853563,
    3473.5340000224824,
    3851.912000300217,
    4317.891000027885,
    3778.8820000059786,
    3439.434000028996,
    3604.8229999323667,
    4241.861000082281,
    4975.046999788901,
    3584.204000162572,
    3365.3639998192375,
    3357.7639997020015,
    3442.695000103413,
    3697.6940000386094,
    3334.1350003865955,
    3314.4839999295073,
    4091.0610000537417,
    7307.367000066733,
    5122.507000123733,
    3641.9830003069364,
    5171.505999896908,
    5346.74599975915,
    3513.723000196478,
    3342.4240000385907,
    3949.34199994168,
    6328.811000003043,
    6241.671000225324,
    4057.372000261239,
    3963.9819997319137,
    3614.293000282487,
    4755.028000090533,
    3813.9319999572763,
    3710.8530000296014,
    3399.075000288576,
    3782.313000101567,
    3413.3540002585505,
    3895.3749999564025,
    3997.321000042575,
    3390.2350000971637,
    4168.011000274419,
    3862.5050001428463,
    3473.19399998014,
    3610.5729996052105,
    5657.305000113411,
    6154.593000246678,
    5816.164999941975,
    3467.473999990034,
    5446.91300001432,
    3527.8740001558617,
    3762.0719999722496,
    4008.4510001179297,
    3831.031999652623,
    4700.107000189746,
    5045.886999596405,
    3608.8140000174462,
    3521.1740000704594,
    3397.0049998970353,
    3501.884000343125,
    5695.15400002274,
    3395.9249999497843,
    4370.051000023523,
    3820.9829999686917,
    3733.2929996409803,
    3387.646000192035,
    4265.502000180277,
    3366.004999861616,
    4301.210999983596,
    3584.9129999405704,
    3495.2629998770135,
    3707.7339998177195,
    3368.474000126298,
    4698.4309997242235,
    3673.842999887711,
