{
  "mode": "naive",
  "workers": 1,
  "duration": 10,
  "latencies_us": [
    1772.6010000842507,
    1666.8810003466206,
    1508.8420000211045,
    2341.3180001625733,
    1399.7219998600485,
    2197.5380000185396,
    1541.8809998664074,
    1811.0099999830709,
    1369.611999962217,
    1436.7620001394243,
    1620.9109999181237,
    1506.8120001160423,
    1399.943000251369,
    1505.5419999043806,
    1521.5120001812465,
    1469.3420002913626,
    1551.7920001002494,
    1599.5110002222646,
    1521.5910002552846,
    1373.6630003222672,
    1528.2920003301115,
    1629.9409999191994,
    1638.1109999201726,
    1684.0409998621908,
    1563.0519997102965,
    1373.1129997722746,
    1525.182000023051,
    1378.8229998681345,
    1374.6320000791457,
    1513.2720000110567,
    1525.992000097176,
    1489.5210001668602,
    1502.9420001155813,
    1390.2619998589216,
    1371.1530000364291,
    1368.2529997822712,
    1582.2519999346696,
    2492.626000275777,
    1513.471999714966,
    1366.9230002051336,
    1505.0209999571962,
    1595.1919999679376,
    1506.671999777609,
    1522.731000022759,
    2013.2790000388923,
    1525.4320001076849,
    1376.2829998995585,
    1365.9530000040832,
    1575.76199990217,
    1379.0829998470144,
    1518.531999863626,
    1655.650999964564,
    1824.54100013274,
    1524.9409998432384,
    1731.8410000370932,
    1805.3700000564277,
    1727.030999973067,
    2248.7189999083057,
    3394.2430000024615,
    1940.8990001466009,
    2024.9990002412233,
    1598.5810000529455,
    1757.3609998180473,
    1936.6100000297592,
    1600.4510002858297,
    1729.1109998041065,
    1735.8710001644795,
    1637.2510003748175,
    1965.0599997476093,
    1602.2820000216598,
    1768.0910000308359,
    1643.5299999102426,
    1763.8009999245696,
    1691.209999989951,
    1756.3309997967735,
    1761.5209999348735,
    2186.6279998903337,
    1593.1319999253901,
    1592.3609998935717,
    2084.1390000896354,
    1872.9600001279323,
    2122.1590000095603,
    1754.39099984942,
    1873.9610000011453,
    1598.3809998942888,
    2962.8940001202864,
    1956.92900024369,
    1593.7820003273373,
    1890.680000087741,
    1800.9199998232361,
    1847.1710000085295,
    1876.5099998745427,
    1772.6800001582887,
    1606.3010002653755,
    1607.3419997155725,
    1762.7799998081173,
    1934.0700000611832,
    1741.2209999747574,
    1739.411000016844,
    1748.341000165965,
    1720.5409999405674,
    1844.7100001139916,
    1588.9319997768325,
    1745.1600001550105,
    1743.8800000491028,
    1923.5089998801413,
    1737.9800001435797,
    1570.4019997428986,
    1595.6510001160495,
    1710.461000129726,
    1741.1409999112948,
    1716.4700002467725,
    1739.0310003975173,
    2215.9479999572795,
    2167.6179999303713,
    1615.2010002770112,
    1737.8500001541397,
    1951.9799998306553,
    2003.4789999954228,
    1788.7809999592719,
    1800.4009998549009,
    2032.819000305608,
    2540.2669998584315,
    1972.0899999811081,
    1910.7100001747312,
    1625.5609998552245,
    1787.151000371523,
    1821.8800000795454,
    1730.6409999946482,
    1916.5489998158591,
    1828.6700001226563,
    1723.9610001524852,
    1705.7009999916772,
    2552.187000219419,
    1927.1800001661177,
    1718.510999580758,
    1877.3799997688911,
    1604.3809996517666,
    1829.840000027616,
    1865.6600000213075,
    8540.405000076134,
    2482.9959997987316,
    1935.210000283405,
    1898.6099998983264,
    1904.4999999096035,
    1881.840000351076,
    2211.5480001048127,
    2085.3690002695657,
    2801.6749997732404,
    1852.2199998187716,
    1875.6499998744403,
    1701.2009998325084,
    1850.0400001357775,
    1719.550999951025,
    1588.711999829684,
    1908.039999761968,
    1903.2979998883093,
    1639.301999603049,
    2708.636000079423,
    1735.251000354765,
    2627.6159996996284,
    2029.948999734188,
    1725.8100001527055,
    1955.2190001377312,
    1801.600999897346,
    1588.0119999565068,
    1716.5399999612418,
    2130.347999809601,
    1997.3089997620264,
    1618.5119998226583,
    2778.544999728183,
    1702.5719998855493,
    2067.4390002568543,
    1709.6609999498469,
    1702.961000319192,
    1616.2099996108736,
    1821.2510003650095,
    2188.4380003029946,
    2010.2789999327797,
    2183.579000302416,
    1936.8500002201472,
    1715.6010003418487,
    2180.2189999107213,
    1739.281000027404,
    1768.3010000837385,
    1697.3409997262934,
    1707.671000076516,
    1713.5509997387999,
    1815.3699998038064,
    1762.1899996811408,
    1594.7920001053717,
    1692.6610001064546,
    1591.2920002847386,
    1876.370000445604,
    1878.8800002766948,
    1931.0200000290934,
    2055.7090001602774,
    1792.9000000549422,
    1601.9619997678092,
    1591.921999988699,
    1808.1300004268996,
    2288.657000008243,
    1792.7110002347035,
    1583.9019997656578,
    2010.8399999116955,
    1785.4499997156381,
    2030.397999988054,
    2145.2390001286403,
    1786.2710001281812,
    2163.3180003846064,
    1600.441999926261,
    1594.4709998620965,
    1597.350999873015,
    1811.861000078352,
    1592.400999925303,
    1734.9700001432211,
    1709.172000118997,
    1694.3410000749282,
    1699.1809998216922,
    1870.6000000747736,
    1615.9719998540822,
    1600.6810001272243,
    1801.441000225168,
    1710.601000013412,
    2362.367999921844,
    1902.9889999728766,
    1792.1109997587337,
    1697.251000223332,
    1871.6399999902933,
    1817.30999975116,
    1705.8009998436319,
    3234.5529998565326,
    1872.949999778939,
    1695.7210000327905,
    1813.5509999410715,
    1578.3220001139853,
    1722.6810000465775,
    1868.7089996092254,
    1905.6589999308926,
    1794.1699998118565,
    1801.3399999290414,
    1606.0210000432562,
    1604.282000243984,
    1998.0179999947723,
    1740.8210001121915,
    1782.7310002758168,
    2502.816999822244,
    2125.6390000417014,
    1710.9109999182692,
    3068.1430002914567,
    1597.5820001585816,
    1595.4919999785488,
    1593.3320000840467,
    1691.8910000640608,
    1589.9619997981063,
    1703.8609998962784,
    2526.6960001317784,
    1612.702000329591,
    1895.2999998873565,
    1588.552000157506,
    1726.802000121097,
    1612.150999790174,
    1584.1209997233818,
    1758.621000135463,
    1787.7899999803049,
    2209.22900007281,
    1595.7519999574288,
    1605.9009999480622,
    2952.8840000239143,
    1802.3100001300918,
    2761.956999620452,
    1812.890000110201,
    1611.1310001178936,
    1711.0009998759779,
    1722.5209999196522,
    1597.381999999925,
    1697.7209998003673,
    1586.7620004428318,
    1583.4820001146,
    2412.766999896121,
    1740.3509996256616,
    2021.8089998707,
    1703.8510000020324,
    2056.7990000017744,
    1817.9710000367777,
    1776.3609998837637,
    1790.3709999700368,
    1707.6799999813375,
    1773.3210002006672,
    2133.83900018016,
    1611.782000054518,
    1919.0699999853678,
    1614.2220001711394,
    1611.2009998323629,
    1750.731000356609,
    1731.3409998678253,
    1597.7419998307596,
    1930.5700002405501,
    2622.3959998787905,
    2196.6880003674305,
    1590.6620001260308,
    2192.1089996794763,
    1612.970999758545,
    1762.152000083006,
    1701.9409997374169,
    1819.61099997352,
    1701.4820000440523,
    2079.379999941011,
    1956.3700002436235,
    1698.581000255217,
    1695.2109999692766,
    1587.730999744963,
    1697.5710000224353,
    1747.0510001658113,
    2038.3099999889964,
    1692.9210000853345,
    1608.982000107062,
    2407.7780003608495,
    1712.2320000453328,
    1600.321999831067,
    1766.6399999143323,
    2071.389000320778,
    1813.6699995920935,
    1596.3609998834727,
    2229.5390003819193,
    1589.7410003162804,
    1771.9809998197888,
    1589.500999671145,
    1615.4610002558911,
    2088.3389997834456,
    1745.200999721419,
    1806.7299997710506,
    1698.3810000965605,
    1705.0810001819627,
