{
  "mode": "naive",
  "workers": 4,
  "duration": 10,
  "latencies_us": [
    10946.021000108885,
    11017.297999842413,
    5845.551000220439,
    6093.298999985564,
    5721.341000025859,
    5678.851000084251,
    5703.379999886238,
    5744.430000049761,
    10522.084000058385,
    10487.444999853324,
    10538.564999933442,
    5660.737999733101,
    5615.388000023813,
    11380.865999853995,
    11036.308000257122,
    10751.848999916547,
    10913.728000105039,
    10978.228000112722,
    11022.547999800736,
    10683.058999802597,
    11026.187999959802,
    11012.717999619781,
    10709.02900028159,
    11586.054999952466,
    11038.977999760391,
    10696.328999983962,
    10681.389999717794,
    11068.607000197517,
    11031.387999992148,
    10706.780000418803,
    10818.269000083092,
    11021.457999959239,
    11255.426999923657,
    11359.287000232143,
    10325.494999960938,
    6528.327999603789,
    10195.395999744505,
    10233.214999971096,
    10267.865000059828,
    10286.005000125442,
    10295.075999692926,
    10289.074999946024,
    10338.795000279788,
    10300.015000211715,
    10278.624999955355,
    11226.12199969808,
    11344.362000272668,
    11406.121000163694,
    11403.03199963455,
    11439.93200003024,
    11383.722000118723,
    11365.77200031752,
    11403.111000163335,
    11371.541999778856,
    11402.451999856567,
    11407.7820003331,
    11470.721000023332,
    11617.866000051436,
    11402.987000110443,
    11417.316999995819,
    11405.715999899257,
    11396.577000141406,
    11443.855999914376,
    11403.417000110494,
    11413.71599987906,
    11416.356999689015,
    11418.125999625772,
    11393.537000003562,
    11401.01600003618,
    11427.02700008158,
    11379.105999822059,
    11411.926999699062,
    11442.796000210365,
    11381.277000054979,
    11413.827000069432,
    11384.815999917919,
    11364.31699978857,
    11386.575999949855,
    11367.597000116803,
    10598.494000078063,
    11560.830999769678,
    11584.701000174391,
    11561.261000224476,
    11553.270999684173,
    11579.520999930537,
    11554.650999642035,
    11555.191000297782,
    11527.502000262757,
    11587.191999751667,
    11568.190999696526,
    11606.301000028907,
    11545.832000138034,
    11574.091000056796,
    11563.160999685351,
    11577.311000110058,
    11528.551000083098,
    11548.17099995853,
    11622.121000073093,
    11557.240999991336,
    11522.121999860246,
    11524.871000347048,
    6644.08500006175,
    8200.198999929853,
    6600.035000246862,
    7849.580999845784,
    7169.692999923427,
    6464.406000304734,
    6582.2039996419335,
    6580.435000159923,
    6556.0650000406895,
    6759.683999916888,
    6646.705000093789,
    6542.605000049662,
    10045.435999927577,
    11476.441000013438,
    11450.9420000104,
    11404.331999983697,
    10897.254000155954,
    11530.551000305422,
    11525.570999765478,
    11572.740999781672,
    11575.902000004135,
    11526.25100030491,
    11532.711000199924,
    11528.430999987904,
    12851.31700024067,
    6430.328000078589,
    7758.973999898444,
    6638.976999965962,
    11395.320999781688,
    11369.872000159376,
    11362.032000306499,
    11340.691999976116,
    11409.081000238075,
    11379.06199983263,
    11371.461999715393,
    11421.481000070344,
    11382.512000182032,
    11403.731999962474,
    11378.952000086429,
    11402.371999793104,
    11385.691999748815,
    11415.98099957264,
    11345.361999701709,
    11403.100999814342,
    11371.241999768245,
    11355.611999988469,
    11423.712000123487,
    12584.903000060876,
    6915.4230000094685,
    11509.936000038579,
    11543.186000380956,
    11491.516000205593,
    12365.00300001353,
    7532.400999934907,
    11823.232999631728,
    6783.874000120704,
    6780.5640001097345,
    6775.0250000244705,
    8188.71899991791,
    6862.254000225221,
    6795.184000111476,
    9430.893999706313,
    6743.233999713993,
    6748.964000053093,
    6786.693999856652,
    6756.083999789553,
    7145.502999719611,
    6815.714000367734,
    6806.214000334876,
    11818.50500006476,
    7140.632999835361,
    6770.60399993934,
    6754.874999842286,
    6806.614000197442,
    9334.16899988515,
    8225.951999975223,
    7160.715999816603,
    6499.6280002560525,
    6535.617999816168,
    6715.177999922162,
    6538.927999827138,
    6539.5579999858455,
    6544.558000314282,
    6552.997999733634,
    6544.057999690267,
    6559.597999967082,
    6547.927999690728,
    6562.038000083703,
    6525.037999836059,
    8894.690000033734,
    6575.398000222776,
    6594.898000003013,
    6661.6870003599615,
    6565.137999587023,
    6610.507999994297,
    6613.097999888851,
    6525.578000037058,
    6586.517999949137,
    7515.073999911692,
    6569.608000063454,
    7021.536999673117,
    8689.250999850628,
    6838.177000190626,
    7878.65399979637,
    11143.07199986797,
    6553.168000209553,
    6621.527999868704,
    6562.388000020292,
    6636.057999912737,
    6981.055999858654,
    6758.8769998110365,
    6887.3469999743975,
    6963.426999845979,
    6809.697999869968,
    6815.007000113837,
    6998.095999733778,
    6779.426999855787,
    6826.736999755667,
    9224.7090001365,
    6792.316999963077,
    7059.415999719931,
    6753.977000244049,
    6768.567000108305,
    6845.977000011771,
    6782.948000363831,
    6773.1070002992055,
    6824.02699976592,
    6788.666999909765,
    6981.556000027922,
    6782.3270001099445,
    6794.636999984505,
    19527.37600004184,
    11609.816000145656,
    8321.447000071203,
    10742.909000327927,
    8184.669000002032,
    12466.241999845806,
    6666.445000064414,
    8156.9089998083655,
    9132.47800008321,
    11834.410000119533,
    11924.248000013904,
    14388.700999916182,
    11912.357999790402,
    13647.422000303777
  ],
  "total_work_units": 43752,
  "throughput": 4375.2
}