{
  "mode": "naive",
  "workers": 8,
  "duration": 10,
  "latencies_us": [
    20775.577999756933,
    21048.42800008555,
    21187.13800018668,
    18972.40199969019,
    16218.83699999671,
    20491.639000283612,
    20349.08899986476,
    20355.18899992894,
    19075.472000167792,
    23777.22299979723,
    21115.917999850353,
    21014.027999626705,
    20997.308000005432,
    21000.788000037574,
    21048.487999905774,
    21089.416999984678,
    20979.07799998211,
    20933.84799991327,
    20951.567999873077,
    20951.31800024319,
    20993.30800001553,
    20553.388000280393,
    11535.056999946391,
    20771.088999936183,
    20748.348999859445,
    20739.698999932443,
    20730.897999783338,
    20723.528999951668,
    20758.43900001928,
    20751.91799985987,
    20685.74799977796,
    20689.477999894734,
    20695.49799989545,
    24665.360000199144,
    21767.467000245233,
    23510.33200011443,
    22820.654999577528,
    23213.85300001566,
    22781.614999985322,
    23677.903000134393,
    22801.505000188627,
    22831.264000160445,
    24419.702000159305,
    23184.153999864066,
    23159.184000178357,
    24342.15099992798,
    23463.332999654085,
    22051.938000004156,
    22908.083999936935,
    22824.543999831803,
    24140.151000210608,
    22856.68500007887,
    22830.093999800738,
    23848.77200029223,
    24422.871000297164,
    17342.493000342074,
    22738.88400031865,
    22846.213999855536,
    22768.61500013183,
    21440.5669998996,
    22735.51400003271,
    22823.745000096096,
    22730.24499982057,
    22802.595000030124,
    22731.62500023318,
    22769.293999772344,
    23965.972000041802,
    23997.572000098444,
    23015.763999865158,
    22996.45400034933,
    23020.232999897416,
    22819.824000180233,
    23959.62199989299,
    22838.80400000271,
    22775.225000259525,
    22806.56499988254,
    22879.64400011333,
    22844.73400004572,
    22265.274999881512,
    22915.093999927194,
    23259.273000348912,
    23315.48299980568,
    23802.841999895463,
    23002.353999800107,
    23028.52399998301,
    22853.173999919818,
    22757.225000077597,
    25343.309000163572,
    22779.194999657193,
    22814.364999703685,
    22789.164999721834,
    22749.673999896913,
    22765.34399970842,
    22926.734000066062,
    22714.16399980808,
    22823.754999990342,
    22824.633999789512,
    22871.994000070117,
    22774.414999730652,
    22788.093999679404,
    22748.555000362103,
    22691.245000260096,
    22775.62500012209,
    16386.584999963816,
    23016.613999971014,
    23065.503999987413,
    23024.483999961376,
    23073.79400008358,
    23051.40399994343,
    23034.78499970879,
    23455.57299986467,
    22993.19400026434,
    23220.79300029145,
    17.700000171316788
  ],
  "total_work_units": 36159,
  "throughput": 3615.9
}